id,word
1,ㅅ ㅂ
2,fuck
3,shit
4,18nom
5,18num
6,18ㅅㅐㄲㅣ
7,18ㅅㅐ끼
8,18ㅅㅔㅋㅣ
9,18ㅅㅔ키
10,18년
11,18놈
12,18새끼
13,18세ㅋㅣ
14,18세키
15,boji
16,bozi
17,dogbaby
18,d쥐고
19,d지고
20,jaji
21,jazi
22,jot같
23,me췬
24,me친
25,me틴
26,mi친
27,mi틴
28,sex하자
29,sex해
30,yadong
31,ya동
32,zaji
33,zazi
34,ㅁㅊ
35,ㅁㅣ췬
36,ㅁ친
37,ㅂㄹ
38,ㅂㅁㄱ
39,ㅂㅊ
40,ㅂ크
41,ㅄ
42,ㅅ.ㅂ
43,ㅅㄲ네
44,ㅅㄲ들
45,ㅅㅂ
46,ㅅㅍ
47,ㅅㅋ
48,ㅅㅐㄲㅣ
49,ㅅㅡ루
50,ㅅ루
51,ㅅ발
52,ㅆㄹㄱ
53,ㅆㄺ
54,ㅆㅂ
55,ㅆㅣ
56,ㅆㅣ8
57,ㅆㅣㅂㅏ
58,ㅆㅣ댕
59,ㅆㅣ뎅
60,ㅆㅣ바
61,ㅆㅣ발
62,ㅆㅣ팍넘
63,ㅇㅍㅊㅌ
64,ㅇㅒ쁜
65,ㅈ.ㄴ
66,ㅈㄴ
67,ㅈㄹ
68,ㅈㅏ위
69,ㅈ리
70,ㅉ질한
71,ㅌㅓㄹㅐㄱㅣ
72,凸
73,ㄱㅅㄲ
74,가슴만져
75,가슴빨아
76,가슴빨어
77,가슴조물락
78,가슴주물럭
79,가슴쪼물딱
80,가슴쪼물락
81,가슴핧아
82,가슴핧어
83,강간
84,강간한다
85,같은새끼
86,개.웃
87,개가튼
88,개가튼년
89,개가튼뇬
90,개간
91,개같
92,개같은년
93,개같이
94,개거얼래
95,개거얼레
96,개걸래
97,개걸레
98,개고치
99,개너미
100,개넷
101,개년
102,개념빠가
103,개놈
104,개독
105,개라슥
106,개련
107,개마이
108,개보지
109,개보지년
110,개부달
111,개부랄
112,개불랄
113,개붕알
114,개새기
115,개새끼
116,개색뀌
117,개색휘
118,개샛기
119,개섹
120,개셈
121,개소리
122,개쉐뀌
123,개쓰래기
124,개쓰레기
125,개씁년
126,개씁블
127,개씁자지
128,개씨발
129,개씨발넘
130,개씨발자슥
131,개씨블
132,개아기
133,개애거얼래
134,개애걸래
135,개에가튼
136,개에거얼래
137,개에걸래
138,개자식
139,개자지
140,개작두넘
141,개작두년
142,개잡년
143,개잡지랄
144,개저가튼
145,개저씨
146,개저엇
147,개젓
148,개젓가튼넘
149,개좆
150,개지랄
151,개지랄넘
152,개지랄놈
153,개쩌
154,개후라
155,개후라년
156,개후라들놈
157,개후라새끼
158,걔잡년
159,걔잡지랄
160,거시기
161,거지같은
162,걸래년
163,걸레같은년
164,걸레년
165,걸레보지
166,걸레핀년
167,게가튼
168,게부럴
169,게에가튼
170,게저엇
171,게젓
172,게지랄놈
173,계새끼
174,골빈
175,공알
176,괘새끼
177,괴가튼
178,괴에가튼?
179,구씹
180,굿보지
181,귀두
182,그나물에
183,김대중
184,김치녀
185,꼭지
186,깨쌔끼
187,나빼썅
188,나쁜새끼
189,난자마셔
190,난자먹어
191,난자핧아
192,내꺼빨아
193,내꺼핧아
194,내미랄
195,내미럴
196,내버지
197,내씨발
198,내자지
199,내잠지
200,내조지
201,너거애비
202,년놈
203,노네들
204,노무노무
205,노알라
206,노무현
207,뇌텅
208,뇨온
209,뇬
210,누나강간
211,느그매
212,늬믜
213,늬미
214,니기미
215,니년
216,니믜
217,니미
218,니미기
219,니미랄
220,니미럴
221,니씨브랄
222,니아범
223,니아범?
224,니애미
225,니애비
226,니할애비
227,닝기리
228,닥쳐
229,닥쳐라
230,닥치세
231,달달이
232,달딸이
233,닳은년
234,대가리
235,대갈
236,대애가리
237,대에가리
238,대음순
239,더어엉신
240,더엉신
241,더러운년
242,덜은새끼
243,돈년
244,돈새끼
245,돌았네
246,돌으년
247,돌은새끼
248,동생강간
249,뒈져
250,뒤이치기
251,뒤져라
252,뒤져버
253,뒤져야
254,뒤져야지
255,뒤져요
256,뒤졌
257,뒤지겠
258,뒤지고싶
259,뒤지길
260,뒤진다
261,뒤질
262,뒤치기
263,뒷잇치기
264,뒷치기
265,드으응신
266,드응신
267,등신
268,디져라
269,디졌
270,디지고
271,디질
272,따먹기
273,따먹는다
274,따먹어
275,따먹어야지
276,따먹었어
277,따먹었지
278,따먹을까
279,따먹자
280,따아알따리
281,따아알따아리
282,따알따리
283,딴년
284,딸달이
285,딸딸이
286,떠라이
287,떠어라아이
288,떠어라이
289,또라이
290,또라인
291,또오라아이
292,또오라이
293,똘아이
294,띠바
295,띠발
296,띠발뇬
297,띠벌
298,띠벨
299,띠부우울
300,띠부울
301,띠불
302,띠브울
303,띠블
304,띠블넘
305,띠이바알
306,띠이발
307,띠이버얼
308,띠이벌
309,띠이이발
310,띠이이벌
311,런년
312,럼들
313,롬들
314,막간년
315,막대쑤셔줘?
316,막대핧아줘
317,맘충
318,맛간년
319,맛없는년
320,맛이간년
321,머갈
322,믜칀
323,믜친
324,미띤
325,미시친발
326,미쳣네
327,미쳤나
328,미쳤니
329,미췬
330,미칀
331,미치인
332,미친
333,미친ㅋ
334,미친개
335,미친구녕
336,미친구멍
337,미친넘
338,미친년
339,미친놈
340,미친눔
341,미친새
342,미친새끼
343,미친색
344,미친쉐이
345,미친씨부랄
346,미티넘
347,미틴
348,미틴것
349,및힌
350,바주카자지
351,발놈
352,방점뱅
353,백보지
354,버따리자지
355,버어어지
356,버어어지이
357,버어지
358,버어지이
359,버지구녕
360,버지구멍
361,버지냄새
362,버지따먹기
363,버지뚫어
364,버지뜨더
365,버지물마셔
366,버지벌려
367,버지벌료
368,버지빨아
369,버지빨어
370,버지썰어
371,버지쑤셔
372,버지털
373,버지핧아
374,버짓물
375,버짓물마셔
376,벌창
377,벌창같은년
378,벵신
379,별창
380,병닥
381,병딱
382,병맛
383,병신
384,병신세리
385,병신셰리
386,병신씨발
387,병크
388,보지
389,보지구녕
390,보지구멍
391,보지녀
392,보지따먹기
393,보지뚫어
394,보지뜨더
395,보지머리박기
396,보지물
397,보지물마셔
398,보지박어
399,보지벌려
400,보지벌료
401,보지벌리
402,보지벌리자
403,보지보지
404,보지빨아
405,보지빨어
406,보지에자지껴
407,보지에자지너
408,보지자지
409,보지정액
410,보지쥐어짜
411,보지찌져
412,보지찢어
413,보지털
414,보지털뽑아
415,보지털어
416,보지틀래기
417,보지핧아
418,보지핧아줄까
419,보지핧아줘
420,보지핧어
421,보짓물
422,보짓물마셔
423,봉알
424,부랄
425,불알
426,붕신
427,붕알
428,뷰우웅신
429,뷰웅시인
430,뷰웅신
431,븅신
432,브랄
433,빙띤
434,빙신
435,빙신쉐이
436,빠가야로
437,빠가냐
438,빠간가
439,빠가새
440,빠가니
441,빠가십새
442,빠가씹새
443,빠구리
444,빠구울
445,빠굴
446,빠굴이
447,빠네
448,빠라
449,빠아가
450,빠아구리
451,빠아구우리
452,빠아아라
453,빠큐
454,빡새끼
455,빨치산
456,빻았
457,빻은
458,뻐규
459,뻐큐
460,뻑유
461,뻑큐
462,뻨큐
463,뼈큐
464,뽀지
465,사까쉬
466,사까시
467,사까시이
468,사까아시
469,사까아시이
470,사새끼
471,상년
472,새77ㅣ
473,새ㄲㅣ
474,새끼
475,새끼라
476,새끼야
477,새퀴
478,새킈
479,새키
480,색희
481,색히
482,샊기
483,샊히
484,샹년
485,섀키
486,성괴
487,성교
488,성교하자
489,성교해
490,성폭행
491,세끼
492,세엑스
493,세엑쓰
494,세키
495,섹끼
496,섹스
497,섹스하자
498,섹스해
499,소음순
500,쇅끼
501,쇡끼
502,쉐끼
503,쉬박
504,쉬발
505,쉬방새
506,쉬버
507,쉬빡
508,쉬이바
509,쉬이이
510,쉬이이이
511,쉬이이이이
512,쉬탱
513,쉬팍
514,쉬펄
515,쉽세
516,쉽알넘
517,슈ㅣ발
518,슈발
519,슈벌
520,슈우벌
521,스벌
522,슨상님
523,싑창
524,시댕이
525,시미발친
526,시미친발
527,시바
528,시파
529,시바라지
530,시바류
531,시바시바
532,시바알
533,시바앙
534,시박색히
535,시박쉑히
536,시발
537,시발년
538,시발놈
539,시발새끼
540,시방새
541,시방색희
542,시방쉑희
543,시벌
544,시벌탱
545,시볼탱
546,시부럴
547,시부렬
548,시부울
549,시뷰럴
550,시뷰렬
551,시빡
552,시빨
553,시새발끼
554,시이발
555,시입세
556,시입세에
557,시친발미
558,시키가
559,시탱
560,시팍
561,시팍새끼
562,시팔
563,시팔넘
564,시팔년
565,시팔놈
566,시팔새끼
567,시펄
568,십녀
569,십버지
570,십부랄
571,십부럴
572,십새
573,십세
574,십세리
575,십세이
576,십셰리
577,십쉐끼
578,십자석
579,십자슥
580,십지랄
581,십창
582,십창녀
583,십탱
584,십탱구리
585,십탱굴이
586,십팔
587,십팔넘
588,십팔새끼
589,싸가지
590,싸가지없
591,싸물어
592,싹스
593,쌍년
594,쌍놈
595,쌍보지
596,쌍쌍보지
597,쌔끼
598,쌔엑스
599,쌕스
600,쌕쓰
601,썅
602,썅놈
603,썅년
604,썌끼
605,쎄끼
606,쎄리
607,쎄엑스
608,쎅스
609,쎅쓰
610,쒸8
611,쒸댕
612,쒸발
613,쒸팔
614,쒸펄
615,쓰댕
616,쓰뎅
617,쓰래기같
618,쓰레기새
619,쓰렉
620,쓰루
621,쓰바
622,쓰바새끼
623,쓰발
624,쓰벌
625,쓰벨
626,쓰브랄쉽세
627,쓰파
628,씌8
629,씌댕
630,씌뎅
631,씌발
632,씌벨
633,씌팔
634,씝창
635,씨8
636,씨ㅂㅏ
637,씨가랭넘
638,씨가랭년
639,씨가랭놈
640,씨걸
641,씨댕
642,씨댕이
643,씨뎅
644,씨바
645,씨바라
646,씨바알
647,씨박색희
648,씨박색히
649,씨박쉑히
650,씨발
651,씨발년
652,씨발롬
653,씨발병신
654,씨방새
655,씨방세
656,씨뱅가리
657,씨버럼
658,씨벌
659,씨벌년
660,씨벌쉐이
661,씨벌탱
662,씨벨
663,씨볼탱
664,씨부랄
665,씨부럴
666,씨부렬
667,씨불알
668,씨뷰럴
669,씨뷰렬
670,씨브럴
671,씨블
672,씨블년
673,씨븡
674,씨븡새끼
675,씨비
676,씨빠빠
677,씨빡
678,씨빨
679,씨뻘
680,씨새발끼
681,씨섹끼
682,씨이발
683,씨입
684,씨입새
685,씨입새에
686,씨입세
687,씨입세에
688,씨파넘
689,씨팍
690,씨팍넘
691,씨팍새끼
692,씨팍세끼
693,씨팔
694,씨퐁
695,씨퐁넘
696,씨퐁뇬
697,씨퐁보지
698,씨퐁자지
699,씹
700,씹귀
701,씹년
702,씹덕
703,씹못
704,씹물
705,씹미랄
706,씹버지
707,씹보지
708,씹부랄
709,씹브랄
710,씹빵구
711,씹뻐럴
712,씹뽀지
713,씹새
714,씹새끼
715,씹세
716,씹쉐뀌
717,씹쌔
718,씹쌔끼
719,씹자석
720,씹자슥
721,씹자지
722,씹지랄
723,씹창
724,씹창녀
725,씹치
726,씹탱
727,씹탱굴이
728,씹탱이
729,씹팔
730,씹팔넘
731,씹할
732,아가리
733,아닥
734,아아가리
735,아오ㅅㅂ
736,아오시바
737,암캐년
738,애무
739,애미
740,애미랄
741,애미보지
742,애미씨뱅
743,애미자지
744,애미잡년
745,애미좃물
746,애비
747,애애무
748,애에무
749,애에미
750,애에비
751,앰창
752,야dong
753,야동
754,어미강간
755,어미따먹자
756,어미쑤시자
757,엄창
758,에무
759,에미
760,에비
761,에애무
762,에에무
763,에에미
764,에에비
765,엠생
766,엠창
767,여어엄
768,여엄병
769,여자ㄸㅏ먹기
770,여자ㄸㅏ묵기
771,여자따먹기
772,여자따묵기
773,염병
774,염병할
775,염뵹
776,엿같
777,엿먹어라
778,엿이나
779,옘병
780,오르가즘
781,왕버지
782,왕자지
783,왕잠지
784,왕털버지
785,왕털보지
786,왕털자지
787,왕털잠지
788,왜저럼
789,외퀴
790,요년
791,유깝
792,유두
793,유두빨어
794,유두핧어
795,유발조물락
796,유방
797,유방만져
798,유방빨아
799,유방주물럭
800,유방쪼물딱
801,유방쪼물럭
802,유방핧아
803,유방핧어
804,유우까압
805,유우깝
806,유우방
807,유우우방것
808,육갑
809,은년
810,은새끼
811,음경
812,이년
813,이새끼
814,자기핧아
815,자압것
816,자위
817,자지
818,자지구녕
819,자지구멍
820,자지꽂아
821,자지넣자
822,자지뜨더
823,자지뜯어
824,자지박어
825,자지빨아
826,자지빨아줘
827,자지빨어
828,자지쑤셔
829,자지쓰레기
830,자지정개
831,자지짤라
832,자지털
833,자지핧아
834,자지핧아줘
835,자지핧어
836,작은보지
837,잠지
838,짬지
839,잠지뚫어
840,잠지물마셔
841,잠지털
842,잠짓물마셔
843,잡것
844,잡년
845,잡놈
846,저년
847,저엇
848,저엊
849,적까
850,절라
851,점물
852,젓가튼쉐이
853,젓같내
854,젓까
855,젓냄새
856,젓대가리
857,젓떠
858,젓만이
859,젓물
860,젓물냄새
861,젓밥
862,정액마셔
863,정액먹어
864,정액발사
865,정액짜
866,정액핧아
867,정자마셔
868,정자먹어
869,정자핧아
870,젖같
871,젖까
872,젖탱이
873,젗같
874,젼나
875,젼낰
876,졌같은
877,졏같
878,조가튼
879,조개넓은년
880,조개따조?
881,조개마셔줘?
882,조개벌려조?
883,조개보지
884,조개속물
885,조개쑤셔줘?
886,조개핧아줘?
887,조깟
888,조또
889,조오가튼
890,조오까튼
891,조오또
892,조오오조
893,조오온니
894,조오올라
895,조오우까튼
896,조오웃
897,조오지
898,조온
899,조온나
900,조온니
901,조온마니
902,조온만
903,조올라
904,조옴마니
905,조옷만
906,조우까튼
907,족같내
908,족까
909,족까내
910,존.나
911,존ㄴ나
912,존귀
913,존귘
914,존나
915,존나아
916,존낙
917,존내
918,존니
919,존똑
920,존마니
921,존맛
922,존멋
923,존버
924,존싫
925,존쎄
926,존쎼
927,존예
928,존웃
929,존잘
930,존잼
931,존좋
932,존트
933,졸귀
934,졸귘
935,졸라
936,졸맛
937,졸멋
938,졸싫
939,졸예
940,졸웃
941,졸잼
942,졸좋
943,좀마니
944,좀물
945,좀쓰레기
946,좁밥
947,좁빠라라
948,좃
949,좃가튼뇬
950,좃간년
951,좃까
952,좃까리
953,좃깟네
954,좃냄새
955,좃넘
956,좃대가리
957,좃도
958,좃또
959,좃마무리
960,좃만아
961,좃만이
962,좃만한것
963,좃만한쉐이
964,좃물
965,좃물냄새
966,좃보지
967,좃부랄
968,좃빠구리
969,좃빠네
970,좃빠라라
971,좃털
972,종나
973,좆
974,좆같은놈
975,좆같은새끼
976,좆까
977,좆까라
978,좆나
979,좆년
980,좆도
981,좆만아
982,좆만한년
983,좆만한놈
984,좆만한새끼
985,좆먹어
986,좆물
987,좆밥
988,좆빨아
989,좆새끼
990,좆털
991,좇
992,좋만
993,좋만한것
994,좋오웃
995,죠낸
996,죠온나
997,죤나
998,죤내
999,죵나
1000,죶
1001,주글년
1002,주길년
1003,주둥이
1004,주둥아리
1005,줬같은
1006,쥐랄
1007,쥰나
1008,쥰내
1009,쥰니
1010,쥰트
1011,즤랄
1012,지껄이
1013,지랄
1014,ㅈ1랄
1015,지럴
1016,지롤
1017,지뢀
1018,지뢰
1019,지이라알
1020,지이랄
1021,짱깨
1022,짱께
1023,쪼녜
1024,쪼다
1025,쪼다새끼
1026,쪽바리
1027,쪽발
1028,쫂
1029,쫓같
1030,쬰잘
1031,쬲
1032,찝째끼
1033,창남
1034,창녀
1035,창녀버지
1036,창년
1037,창년벼지
1038,창놈
1039,처먹
1040,첫빠
1041,쳐마
1042,쳐먹
1043,쳐받는
1044,쳐발라
1045,쳐쑤셔박어
1046,촌씨브라리
1047,촌씨브랑이
1048,촌씨브랭이
1049,취ㅈ
1050,취좃
1051,친구년
1052,친년
1053,친노마
1054,친놈
1055,캐럿닷컴
1056,크리토리스
1057,큰보지
1058,클리토리스
1059,터래기터래기
1060,파친
1061,펑글
1062,페니스
1063,항문
1064,항문수셔
1065,항문쑤셔
1066,허버리년
1067,허벌
1068,허벌년
1069,허벌레
1070,허벌보지
1071,허벌자식
1072,허벌자지
1073,허어벌
1074,헐렁보지
1075,혀로보지핧기
1076,호냥년
1077,호로
1078,호로새끼
1079,호로자
1080,호로자슥
1081,호로자식
1082,호로잡
1083,호루자슥
1084,화낭년
1085,화냥년
1086,후.려
1087,후라덜
1088,후라덜넘
1089,후려
1090,후우자앙
1091,후우장
1092,후장
1093,후장꽂아
1094,후장뚫어
1095,후장뚫어18세키
1096,꽃휴
1097,sibal
1098,미칭럼
1099,ㅂㅅ
1100,걔섀
1101,느금
1102,느금마
1103,늑음
1104,ㅈ같
1105,ㅈ같네
1106,mi친련
1107,move
1108,m창
1109,m세대
1110,12432443ㅈㅂㄷㄱㅁ
1111,1235ㅈㄷㄹㄴㅇ
1112,nogo존
1113,124ㅈㄷㄹㄴㅁㅇㄻㄴㄷㄱ
1114,nom들
1115,n개
1116,n연
1117,n년차
1118,n워드
1119,n번방사건
1120,oecd국가
1121,ok
1122,on
1123,ootd
1124,out
1125,pc주
1126,pc방알바
1127,pk
1128,12423ㄱㅁㅈㄷㄹㅋㅌㅍㄴㅇㄼㅈㄱ
1129,ppt
1130,psg들
1131,ptsd옴
1132,pt트레이너
1133,p싸게
1134,q쓰다
1135,saeki
1136,sekki
1137,shading
1138,sk바이오
1139,sleepy
1140,sms가
1141,sm성향자들
1142,sns질
1143,sns충
1144,ss급
1145,stress
1146,st
1147,tick
1148,top
1149,touchmybody
1150,tvn
1151,tv52345ㄱㄷㅁㅎㅁㄴㅇㅍ
1152,un총회
1153,uri
1154,vip들
1155,vlog
1156,vs
1157,vs박인비
1158,why
1159,xx년
1160,xx들
1161,xx련
1162,xx시키다
1163,x색기
1164,인간및인간집단.조직및단체.댄스그룹.여성
1165,ymc회사
1166,zi잡대
1167,대'다
1168,죽'다
1169,돌+아이
1170,병-신
1171,시-발
1172,씨-발
1173,에-미
1174,시-발련
1175,씨-발련
1176,씨-발롬
1177,씨-발아
1178,씨-팔년
1179,시-발련들
1180,시-발롬들
1181,씨-발련들
1182,씨-발롬들
1183,례-민하다
1184,성/매매하다
1185,고0
1186,양0
1187,틀0딱들
1188,월100
1189,현1020
1190,한10년
1191,개10극혐
1192,개10덕들
1193,개10찐따
1194,한10센치
1195,개10양아치
1196,개10흑두루미
1197,존1111나
1198,애11미
1199,키160
1200,키167
1201,택1
1202,ㅁ1친
1203,ㅂ1ㅅ
1204,ㅂ1신
1205,ㅅ1ㅂ
1206,ㅅ1끼
1207,ㅅ1발
1208,ㅆ1바
1209,ㅈ1ㄹ
1210,ㅈ1랄
1211,강1간
1212,걸1레
1213,구1라
1214,구1멍
1215,발1기
1216,병1신
1217,보1지
1218,불1알
1219,뷰1지
1220,빙1신
1221,새1끼
1222,시1발
1223,시1벌
1224,십1련
1225,씨1발
1226,자1지
1227,죤1나
1228,지1랄
1229,창1녀
1230,한1남
1231,미1친새77ㅑ
1232,ㅁ1친똘A이들
1233,ㅁ1친놈
1234,ㅆ1방새
1235,강1간범
1236,꼬1라지
1237,닥1치다
1238,미1친년
1239,미1친련
1240,버1러지
1241,병1신들
1242,보1지들
1243,빠1구리
1244,새1기들
1245,새1끼들
1246,쉿1끼덜
1247,시1발람
1248,시1발럼
1249,시1발련
1250,시1발롬
1251,십1련들
1252,십1새들
1253,씨1발롬
1254,장1애련
1255,제1야당
1256,주1접글
1257,찐1따녀
1258,ㄲ1ㅈ다
1259,ㅁ1치다
1260,따1먹다
1261,미1취다
1262,ㅁ1ㅊ놈들
1263,ㅁ1친년들
1264,ㅁ1친놈들
1265,ㅅ1발새기
1266,시1발새끼
1267,ㅈ1ㄹ하다
1268,강1간하다
1269,따1먹히다
1270,섹1스하다
1271,시1발련롬들
1272,제1야당후보
1273,월200
1274,탑20
1275,애23명
1276,앰2
1277,앱2
1278,엠2
1279,엡2
1280,제2
1281,중2
1282,초2
1283,엠2엡2
1284,제2의Eminem
1285,게2빠
1286,남2명
1287,병2신
1288,새2끼
1289,시2발
1290,씨2발
1291,애2미
1292,월2백
1293,자2지
1294,중2때
1295,중2병
1296,지2랄
1297,ㅂ2신들
1298,병2신아
1299,시2발련
1300,씨2벌련
1301,아2가리
1302,제2외국어
1303,제2의인간
1304,월300
1305,열39도
1306,고3
1307,제3
1308,중3
1309,개3끼
1310,고3들
1311,애3명
1312,제3자
1313,제3세계
1314,제3자들
1315,형42년
1316,고4애들
1317,주4일제
1318,질4가능
1319,월500
1320,병50
1321,융50
1322,병50들
1323,병50련들
1324,초56
1325,꼬5추
1326,지64랄
1327,만65세
1328,초6
1329,월7500
1330,만75세
1331,새77Nㅣ
1332,새77l
1333,새77ㅣ
1334,짱77ㅐ
1335,새77ㅣ덜
1336,새77ㅣ들
1337,짱77ㅐ들
1338,짱77ㅐ놈들
1339,짱77ㅐ럼들
1340,짱77ㅐ련들
1341,짱77ㅐ특성
1342,안77ㅓ지다
1343,아7ㅏ리
1344,월800
1345,ㅈ86
1346,시8
1347,싯8
1348,호9
1349,개9라
1350,인간및인간집단.인물.방송인.남성
1351,뒷9멍
1352,아9창
1353,입9녕
1354,하?다
1355,새@끼
1356,애@미
1357,장@ㅐ
1358,니@ㅐ미
1359,새@끼들
1360,장@ㅐ인
1361,장@ㅐ인석
1362,특A급
1363,애B
1364,피C방
1365,아GARI
1366,개GR
1367,돈GR
1368,보G
1369,뽀G
1370,자G
1371,개G랄
1372,뽀G털
1373,ㄱH
1374,ㄱH독
1375,ㄱH뿔
1376,ㅇH미
1377,ㅇH비
1378,ㄱH소리
1379,ㅇH비카드
1380,ㄱH독ㅅㄲ들
1381,ㄱH독목사충
1382,똘I
1383,ㅈI랄
1384,돌I가
1385,국K1들
1386,부LAL
1387,쿰N2(척다
1388,나N3(거다
1389,보N3(거다
1390,보N4(거다
1391,빻N5(거다
1392,지Ral
1393,편V
1394,꼬X
1395,개^^ㅣ발롬들
1396,씨bar련들
1397,여bj
1398,여bj들
1399,개c1발
1400,개c발련들
1401,개dog교
1402,개dok
1403,앰e
1404,엠e꺼
1405,아ga리
1406,개g롤
1407,보ji
1408,보ji물
1409,국k1
1410,구la
1411,구la청
1412,인간및인간집단.조직및단체.정당
1413,씨pal
1414,개pig들
1415,ㅈr
1416,아rㅏ리
1417,잡saeki
1418,병sin
1419,병sin장@ㅐ인
1420,섹s
1421,섹s하다
1422,개s시하다
1423,병tls
1424,배xx
1425,개xx들
1426,미x
1427,섹x
1428,지x
1429,후x
1430,미x련
1431,염x하다
1432,떡zone
1433,이z롤
1434,병신
1435,븅딱
1436,븅신
1437,빡년
1438,빡뇌
1439,빡대
1440,빡돌
1441,빡들
1442,빡빡
1443,빡아
1444,빡촌
1445,빡추
1446,빡충
1447,빡침
1448,빡통
1449,빡퉁
1450,시발
1451,시밝
1452,시뱅
1453,시벌
1454,시범
1455,시벙
1456,시벨
1457,시볼
1458,시봉
1459,시부
1460,시블
1461,시비
1462,시빠
1463,시빨
1464,시뻘
1465,앰미
1466,앰병
1467,앰생
1468,병딱년
1469,병딱들
1470,볍시련
1471,볍시히
1472,볍신들
1473,볍신련
1474,볍신히
1475,병ㅅㄴ
1476,병ㅅ들
1477,병색희
1478,병수발
1479,병슨럼
1480,병시나
1481,병신들
1482,병신아
1483,병쒼들
1484,보빗털
1485,보빠러
1486,보빨남
1487,보빨러
1488,보빨좀
1489,보빨질
1490,보빨짓
1491,보빨충
1492,보상금
1493,보석금
1494,보세다
1495,보세옷
1496,보센징
1497,보수당
1498,보수들
1499,보수적
1500,보스들
1501,보스털
1502,보슬라
1503,보신탕
1504,보안관
1505,보안법
1506,보안성
1507,보양식
1508,보온용
1509,보위부
1510,보유국
1511,보유세
1512,보유자
1513,보육원
1514,보은군
1515,보이다
1516,보이들
1517,보이루
1518,보이스
1519,보인들
1520,보일러
1521,보자기
1522,보잘것
1523,보잡째
1524,보적들
1525,보적보
1526,보적자
1527,보적화
1528,보전깨
1529,보정빨
1530,보정샷
1531,보정전
1532,보정질
1533,보정티
1534,보조개
1535,보조금
1536,보조급
1537,보조석
1538,보조쌤
1539,보조적
1540,보조제
1541,보좌관
1542,보증금
1543,보집애
1544,보짓값
1545,보짓물
1546,보짓살
1547,보짓세
1548,보징어
1549,보짖물
1550,보찢남
1551,보찢좌
1552,ㄱㅐ
1553,ㄱ뿔
1554,ㄱ새
1555,ㄲㅈ
1556,ㄲㅊ
1557,ㄴㄴㅁㄴㅇㄹㅋㅌㅊㅍ
1558,ㄴ거
1559,ㄴ날
1560,ㄴ냐
1561,ㄴ들
1562,ㄴ아
1563,ㄴ이
1564,ㄴ입
1565,ㄴ줄
1566,ㄴ짜
1567,ㄷㄷㅁㄴㅇㄻㄴㅇㅍㅋㅌㅊ
1568,ㄷㅅ
1569,ㄷㅊ
1570,ㄷ도
1571,ㄸㄹ
1572,ㄹㅇ
1573,ㄹ거
1574,ㄹ꺼
1575,ㄹ또
1576,ㄹ배
1577,ㄹ수
1578,ㄹ자
1579,인간및인간집단.인물.정치인.여성
1580,ㅁ친
1581,ㅂㅃ
1582,ㅂㅅ
1583,ㅂㅇ
1584,ㅂㅈ
1585,ㅂ신
1586,ㅃㄹ
1587,ㅄ들
1588,ㅅㄱㅁㄴㅇㄹㅋㅌㅊㅍ
1589,ㅅㄲ
1590,ㅅㅂ
1591,ㅅㅅ
1592,ㅅ끼
1593,ㅅ발
1594,ㅅ봉
1595,ㅅ파
1596,ㅆㄴ
1597,ㅆㅂ
1598,ㅆㅃ
1599,ㅆ년
1600,ㅆ놈
1601,ㅆ덕
1602,ㅆ련
1603,ㅆ발
1604,ㅆ창
1605,ㅇㄷ
1606,ㅇㅁ
1607,ㅇㅂ
1608,ㅇㅇ
1609,ㅇㅈ
1610,ㅇㅉ
1611,ㅇㅊ
1612,ㅇ벌
1613,ㅈㄱ
1614,ㅈㄹ
1615,ㅈㅅ
1616,ㅈㅆ
1617,ㅈㅇ
1618,ㅈㅈ
1619,ㅈ간
1620,ㅈ구
1621,ㅈ급
1622,ㅈ나
1623,ㅈ돌
1624,ㅈ되
1625,ㅈ들
1626,ㅈ랄
1627,ㅈ롤
1628,ㅈ맛
1629,ㅈ망
1630,ㅈ목
1631,ㅈ물
1632,ㅈ밥
1633,ㅈ법
1634,ㅈ본
1635,ㅈ센
1636,ㅈ소
1637,ㅈ지
1638,ㅈ집
1639,ㅈ창
1640,ㅈ털
1641,ㅈ톡
1642,ㅈ팔
1643,ㅉㄲ
1644,ㅉㅉ
1645,ㅊㄴ
1646,ㅊㅊ
1647,ㅊ녀
1648,걸ㄹHNㅅㄲ들
1649,걸ㄹH
1650,장ㅇH
1651,걸ㄹH
1652,걸ㄹH들
1653,걸ㄹH짓
1654,걸ㄹH짝
1655,할ㅇH비
1656,걸ㄹH다
1657,걸ㄹHㄴ들
1658,걸ㄹHㅅㄲ
1659,걸ㄹHㅅㄲ들
1660,아새77ㅣ
1661,애새77ㅣ
1662,이새77ㅣ
1663,게이77ㅣ들
1664,애새77ㅣ들
